0.000000,2.500000,-5.000000,0.000000,0.000000,0.000000,0.653281,-0.270598,-0.270598,0.653281
-0.008195,2.500798,-5.003244,-0.317914,0.047752,-0.123871,0.679312,-0.295436,-0.157018,0.653144
-0.023952,2.503165,-5.021536,-0.312739,0.046968,-0.605519,0.798328,-0.113892,-0.142298,0.573978
-0.039496,2.505481,-5.063571,-0.309294,0.045418,-1.073767,0.756109,-0.054391,-0.183693,0.625776
-0.054880,2.507688,-5.128684,-0.305618,0.042847,-1.528318,0.737276,0.029574,-0.047614,0.673261
-0.069992,2.509728,-5.216189,-0.298093,0.037948,-1.970178,0.726756,0.213856,-0.016488,0.652546
-0.066604,2.491289,-5.281386,0.523985,-0.819631,-0.713182,0.618872,0.380248,0.001036,0.687317
-0.006571,2.424808,-5.292802,1.958027,-1.819804,0.170161,0.539461,0.496912,0.079577,0.675072
0.135554,2.311713,-5.273858,3.772610,-2.675811,0.488065,0.438922,0.606102,0.129364,0.650575
0.373181,2.161939,-5.248902,5.741357,-3.254253,0.512847,0.394797,0.586270,0.189022,0.681681
0.709144,1.987107,-5.223356,7.678247,-3.782889,0.491029,0.423035,0.617582,0.147083,0.646527
1.127708,1.782205,-5.199928,9.012391,-4.466936,0.501580,0.527189,0.553084,0.046143,0.643456
1.572998,1.561743,-5.188064,8.806651,-4.355963,-0.024364,0.585834,0.416937,-0.031133,0.694253
2.027600,1.322966,-5.173636,9.301929,-5.219509,0.626557,0.611360,0.325164,-0.158560,0.703818
2.492210,1.050042,-5.137090,9.237002,-5.696358,0.849873,0.634680,0.196029,-0.245008,0.706201
2.949615,0.767011,-5.106310,9.055908,-5.628688,0.387184,0.635737,0.069058,-0.345340,0.686880
3.397334,0.486950,-5.097935,8.847679,-5.574197,-0.049479,0.636650,-0.078801,-0.412626,0.646685
3.810331,0.196800,-5.091592,7.624308,-5.995249,0.255028,0.611784,-0.224306,-0.473564,0.592568
4.136218,-0.114411,-5.068376,5.378209,-6.396194,0.597562,0.584270,-0.339341,-0.504116,0.537901
4.346585,-0.437670,-5.037713,3.034153,-6.488837,0.589455,0.568954,-0.415580,-0.496746,0.506776
4.440022,-0.759173,-5.012126,0.712094,-6.333976,0.419894,0.564961,-0.467996,-0.468063,0.492656
4.418946,-1.067574,-4.996270,-1.541194,-5.969246,0.217554,0.571189,-0.502653,-0.426278,0.489248
4.287500,-1.352962,-4.989443,-3.698614,-5.416231,0.070744,0.585580,-0.522745,-0.375863,0.492498
4.051098,-1.606316,-4.987271,-5.735082,-4.690394,0.039295,0.605662,-0.530218,-0.320048,0.499605
3.716450,-1.819397,-4.982977,-7.623932,-3.808396,0.159967,0.628844,-0.526748,-0.261854,0.508447
3.291598,-1.984901,-4.968457,-9.339193,-2.791216,0.449581,0.652899,-0.514274,-0.203957,0.517338
2.790883,-2.099802,-4.937916,-10.659431,-1.789977,0.796897,0.676483,-0.495091,-0.147867,0.524771
2.263029,-2.188835,-4.910726,-10.457953,-1.769520,0.293989,0.699529,-0.470979,-0.092960,0.529329
1.744796,-2.276548,-4.908159,-10.273895,-1.736781,-0.187525,0.723589,-0.441971,-0.035012,0.529006
1.235440,-2.362287,-4.929090,-10.101767,-1.690559,-0.645828,0.744837,-0.413068,0.021620,0.523564
0.734527,-2.445389,-4.972364,-9.935156,-1.631470,-1.081540,0.764100,-0.383996,0.077455,0.512535
0.233195,-2.499949,-5.010576,-10.083763,-0.549083,-0.443458,0.781162,-0.354812,0.131950,0.496464
-0.272149,-2.491231,-5.007203,-10.091924,0.895797,0.576320,0.793739,-0.331229,0.175949,0.478854
-0.772166,-2.442928,-4.986577,-9.905503,1.037032,0.250739,0.804735,-0.309572,0.213776,0.459195
-1.262756,-2.390495,-4.985057,-9.717239,1.061281,-0.187579,0.815436,-0.284617,0.254831,0.434869
-1.743796,-2.336724,-5.005123,-9.523342,1.090110,-0.613188,0.824228,-0.260629,0.294244,0.407596
-2.200636,-2.250500,-5.014252,-8.720090,2.345459,0.236123,0.831460,-0.236705,0.332501,0.376936
-2.623201,-2.119395,-4.999108,-8.171947,2.892245,0.365287,0.837596,-0.217954,0.361009,0.347267
-3.027276,-1.975183,-4.992075,-7.990392,2.876337,-0.082468,0.842922,-0.197325,0.389512,0.314355
-3.422176,-1.831765,-5.007217,-7.804988,2.860195,-0.521943,0.846475,-0.176753,0.417586,0.279022
-3.775982,-1.663301,-5.015135,-6.329201,3.856011,0.189944,0.848287,-0.156824,0.444412,0.241469
-4.070332,-1.459445,-5.002710,-5.439193,4.287683,0.301420,0.850296,-0.142954,0.462668,0.206137
-4.338901,-1.246561,-4.999269,-5.303255,4.227671,-0.162315,0.851485,-0.127592,0.479897,0.168479
-4.588940,-1.031366,-5.011422,-4.695982,4.373023,-0.326382,0.850780,-0.111989,0.496949,0.129102
-4.774090,-0.797567,-5.012598,-2.705810,4.953775,0.266995,0.848904,-0.099182,0.511306,0.089917
-4.885925,-0.545858,-4.999779,-1.767787,5.105265,0.242923,0.847973,-0.091646,0.519343,0.053097
-4.972987,-0.292848,-4.999629,-1.714260,5.015294,-0.235246,0.846321,-0.081513,0.526203,0.014145
-5.020387,-0.038834,-5.005405,-0.184396,5.127526,-0.000514,0.842767,-0.070778,0.532981,-0.025674
-4.990822,0.218387,-4.999626,1.362310,5.146755,0.228330,0.838968,-0.065105,0.536593,-0.062896
-4.920151,0.473427,-4.999014,1.464775,5.053913,-0.202240,0.835657,-0.058721,0.536744,-0.100638
-4.804271,0.722373,-5.001246,3.161962,4.885758,0.112286,0.831109,-0.048950,0.535985,-0.139910
-4.623012,0.962080,-4.996317,4.083438,4.694237,0.085756,0.825941,-0.043076,0.533648,-0.176576
-4.410315,1.193028,-4.999199,4.422551,4.539769,-0.198893,0.821078,-0.033170,0.527696,-0.215085
-4.144628,1.407676,-4.997417,6.189861,4.027551,0.273808,0.815108,-0.020898,0.520315,-0.253828
-3.829007,1.604572,-4.991125,6.433082,3.845142,-0.019568,0.808468,-0.010827,0.511671,-0.290601
-3.493543,1.788903,-4.994341,6.978726,3.520716,-0.104664,0.801840,0.006593,0.497744,-0.330536
-3.106190,1.944144,-4.984278,8.493747,2.672179,0.514112,0.793382,0.024189,0.483578,-0.368924
-2.685725,2.076667,-4.971202,8.327006,2.628092,0.011543,0.783638,0.041245,0.468294,-0.406085
-2.264689,2.200979,-4.975619,8.508885,2.339603,-0.183627,0.772719,0.067283,0.445762,-0.446841
-1.811507,2.289676,-4.965308,9.589063,1.195097,0.603221,0.759226,0.091870,0.424828,-0.484406
-1.334654,2.346910,-4.945426,9.484858,1.092412,0.195256,0.743807,0.113749,0.405531,-0.518991
-0.864617,2.400756,-4.947656,9.317999,1.059742,-0.281077,0.725596,0.144721,0.377736,-0.556665
-0.389186,2.428105,-4.947144,9.671715,0.029044,0.305052,0.704765,0.175711,0.350488,-0.591256
0.094480,2.417584,-4.931773,9.664246,-0.451611,0.312103,0.682744,0.202338,0.326622,-0.621475
0.573370,2.394509,-4.927772,9.491401,-0.472977,-0.148943,0.657563,0.233689,0.297176,-0.651675
1.043600,2.370143,-4.946372,9.317383,-0.502910,-0.592278,0.629822,0.266639,0.266139,-0.679258
1.502432,2.315551,-4.957416,9.005574,-1.674438,0.145931,0.600563,0.298602,0.235826,-0.703236
1.945324,2.219514,-4.948864,8.698973,-2.163755,0.194935,0.572429,0.325196,0.209317,-0.723016
2.375841,2.111331,-4.950349,8.520887,-2.164102,-0.252247,0.541786,0.354081,0.177885,-0.741246
2.797324,2.003068,-4.973899,8.337514,-2.166610,-0.688023,0.509969,0.383325,0.145167,-0.756250
3.189869,1.869360,-4.991241,7.340832,-3.164775,-0.017681,0.477935,0.412121,0.113101,-0.767421
3.539778,1.698746,-4.988652,6.646004,-3.650463,0.115864,0.449899,0.434238,0.085438,-0.775708
3.868133,1.517201,-4.994281,6.487667,-3.611250,-0.339510,0.422001,0.454746,0.054302,-0.782410
4.180521,1.332431,-5.015857,6.003874,-3.773666,-0.526008,0.394788,0.474857,0.021128,-0.786257
4.436841,1.124142,-5.024664,4.236704,-4.532715,0.157247,0.370709,0.493193,-0.010654,-0.786902
4.632170,0.893532,-5.019859,3.574590,-4.684566,0.032233,0.353752,0.503136,-0.038337,-0.787552
4.802240,0.659126,-5.026421,3.227407,-4.688199,-0.294924,0.338229,0.510346,-0.071275,-0.787440
4.916006,0.415488,-5.028565,1.321879,-5.033338,0.198078,0.326188,0.515638,-0.105678,-0.785203
4.968985,0.163932,-5.024742,0.797830,-5.024099,-0.045581,0.322308,0.513752,-0.135351,-0.783486
4.982703,-0.087863,-5.026802,-0.246952,-5.036104,-0.039143,0.320071,0.507896,-0.170162,-0.781431
4.936020,-0.338977,-5.024836,-1.615811,-4.994762,0.115209,0.322915,0.498198,-0.203539,-0.778518
4.837356,-0.586241,-5.022745,-2.327917,-4.889152,-0.031037,0.330378,0.482801,-0.235738,-0.775999
4.695374,-0.826620,-5.024014,-3.346030,-4.715787,-0.019015,0.340319,0.461897,-0.269214,-0.773532
4.498580,-1.056213,-5.022252,-4.518450,-4.456932,0.090790,0.353918,0.436975,-0.300759,-0.770280
4.252743,-1.272877,-5.018976,-5.309321,-4.202075,0.042753,0.370715,0.406465,-0.329981,-0.767113
3.965606,-1.474961,-5.016258,-6.168519,-3.872424,0.069561,0.389518,0.369279,-0.357366,-0.764324
3.638769,-1.659938,-5.012819,-6.897381,-3.518901,0.072092,0.410672,0.327537,-0.381034,-0.760838
3.278174,-1.826696,-5.009554,-7.518569,-3.144321,0.063044,0.433664,0.280699,-0.400487,-0.756800
2.887799,-1.973693,-5.006075,-8.087599,-2.728618,0.081021,0.458223,0.229479,-0.414810,-0.751862
2.471531,-2.099601,-5.001885,-8.554110,-2.301517,0.091599,0.484186,0.174835,-0.423214,-0.745573
2.033565,-2.203404,-4.996612,-8.954602,-1.844782,0.124370,0.511259,0.117106,-0.425117,-0.737678
1.578351,-2.284619,-4.990257,-9.244154,-1.398825,0.134596,0.539236,0.057104,-0.419853,-0.727792
1.111600,-2.344361,-4.984482,-9.416566,-0.986748,0.100746,0.567748,-0.004761,-0.406716,-0.715692
0.638249,-2.383705,-4.980673,-9.507968,-0.583499,0.055460,0.596323,-0.067420,-0.385351,-0.700964
0.161944,-2.402664,-4.978884,-9.534111,-0.172052,0.019226,0.624450,-0.129322,-0.355870,-0.683146
-0.313743,-2.401703,-4.979613,-9.483668,0.212441,-0.046036,0.651698,-0.188965,-0.318168,-0.662076
-0.785537,-2.380677,-4.982655,-9.377196,0.629614,-0.074311,0.677506,-0.245101,-0.272347,-0.637755
-1.250372,-2.338329,-4.986565,-9.204788,1.064115,-0.081866,0.701581,-0.295694,-0.219095,-0.610196
-1.704897,-2.274527,-4.991057,-8.965058,1.486585,-0.098464,0.723677,-0.339167,-0.158862,-0.579667
-2.145701,-2.189609,-4.996234,-8.656047,1.907350,-0.110191,0.743507,-0.374100,-0.092637,-0.546497
-2.569232,-2.083708,-5.001816,-8.274492,2.324453,-0.115615,0.760942,-0.399230,-0.022094,-0.510968
-2.971975,-1.957412,-5.007826,-7.825337,2.721899,-0.127988,0.775951,-0.413749,0.050934,-0.473403
-3.350994,-1.812299,-5.015166,-7.326903,3.076331,-0.169178,0.788526,-0.417381,0.124603,-0.434152
-3.700180,-1.647076,-5.021269,-6.630630,3.522966,-0.081065,0.798627,-0.410560,0.197085,-0.393429
-4.014352,-1.461851,-5.024896,-5.929090,3.876690,-0.069260,0.807244,-0.392577,0.265508,-0.351766
-4.289792,-1.258792,-5.026726,-5.082009,4.234247,-0.010172,0.814076,-0.364549,0.329522,-0.309504
-4.521613,-1.039385,-5.026247,-4.186279,4.530326,0.023647,0.819889,-0.327208,0.386589,-0.266943
-4.706673,-0.806403,-5.024086,-3.213190,4.776616,0.057432,0.824720,-0.282038,0.435938,-0.224150
-4.841983,-0.562722,-5.020598,-2.197982,4.958276,0.077528,0.828841,-0.230547,0.476461,-0.181246
-4.925983,-0.311689,-5.016522,-1.162325,5.070999,0.081885,0.832323,-0.174352,0.507661,-0.138250
-4.957873,-0.056731,-5.012514,-0.114949,5.115632,0.075775,0.835167,-0.115017,0.529336,-0.095207
-4.937382,0.198768,-5.009012,0.931736,5.093185,0.062672,0.837352,-0.054021,0.541476,-0.052156
-4.864949,0.451504,-5.006321,1.961685,5.005679,0.044321,0.838832,0.007295,0.544258,-0.009151
-4.741346,0.698290,-5.004458,2.977586,4.855551,0.030541,0.839564,0.067819,0.537952,0.033660
-4.567785,0.936070,-5.003215,3.959149,4.645893,0.020479,0.839545,0.126389,0.522853,0.076205
-4.345655,1.161856,-5.002044,4.919376,4.375964,0.028672,0.838851,0.182090,0.499175,0.118276
-4.076458,1.372698,-5.000014,5.840841,4.048367,0.055856,0.837589,0.233628,0.467223,0.159872
-3.765445,1.566707,-4.997739,6.592231,3.703978,0.039251,0.835908,0.279943,0.427234,0.200884
-3.415060,1.741152,-4.993848,7.413081,3.264817,0.121705,0.833692,0.320157,0.379882,0.241122
-3.031986,1.895543,-4.989546,7.902570,2.904796,0.055443,0.830723,0.352499,0.326620,0.280994
-2.620323,2.027971,-4.983756,8.551721,2.384292,0.182564,0.826957,0.377389,0.267414,0.319690
-2.186606,2.139237,-4.978153,8.790662,2.062196,0.046527,0.821636,0.392932,0.205687,0.358057
-1.735461,2.228173,-4.971860,9.241035,1.488745,0.211304,0.814945,0.400702,0.139746,0.394674
-1.272542,2.296733,-4.967240,9.271255,1.250873,-0.022393,0.806030,0.399095,0.074751,0.430631
-0.801559,2.343086,-4.962304,9.551063,0.598328,0.224411,0.795318,0.389990,0.006901,0.464028
-0.327129,2.370676,-4.960812,9.424860,0.503425,-0.161430,0.782213,0.372129,-0.056376,0.496466
0.147473,2.375688,-4.958492,9.537153,-0.305648,0.255867,0.767255,0.347107,-0.122078,0.525287
0.620105,2.359928,-4.957148,9.368002,-0.326324,-0.199237,0.750319,0.314707,-0.178884,0.553150
1.085377,2.325078,-4.958545,9.222631,-1.066838,0.142042,0.731853,0.274766,-0.237356,0.576672
1.542148,2.271325,-4.962647,9.047607,-1.084419,-0.303869,0.712095,0.230335,-0.285470,0.598637
1.985207,2.197146,-4.967583,8.653918,-1.877983,0.101074,0.690955,0.180145,-0.333045,0.615795
2.413479,2.103089,-4.973706,8.476260,-1.884926,-0.344212,0.669781,0.128132,-0.368811,0.631623
2.821469,1.989189,-4.980631,7.824357,-2.662166,0.058683,0.648030,0.071213,-0.402818,0.642431
3.208382,1.856318,-4.988969,7.651588,-2.652933,-0.390643,0.627422,0.015642,-0.424694,0.652476
3.565285,1.701870,-4.994875,6.605724,-3.509814,0.141375,0.607031,-0.043614,-0.444320,0.657407
3.891713,1.527177,-4.999315,6.450977,-3.477969,-0.317459,0.588958,-0.097610,-0.451499,0.663131
4.181923,1.334738,-5.003143,5.143840,-4.200613,0.150982,0.572020,-0.154843,-0.456375,0.663726
4.433930,1.124921,-5.005866,4.935604,-4.190868,-0.259038,0.557724,-0.203749,-0.451352,0.666112
4.642849,0.901250,-5.008429,3.413376,-4.734763,0.144301,0.545371,-0.254585,-0.443794,0.663926
4.804824,0.664021,-5.009436,3.064861,-4.751052,-0.184616,0.535486,-0.295524,-0.429860,0.664179
4.915671,0.417429,-5.009451,1.367081,-5.090439,0.174418,0.528380,-0.336891,-0.412923,0.660914
4.974329,0.163346,-5.008585,0.979279,-5.069086,-0.139543,0.523452,-0.368120,-0.392772,0.660461
4.979045,-0.093364,-5.007401,-0.787272,-5.177747,0.181239,0.521885,-0.398995,-0.369401,0.657249
4.929907,-0.350580,-5.006019,-1.177382,-5.107063,-0.125060,0.521813,-0.420631,-0.345833,0.656638
4.828376,-0.603454,-5.005069,-2.876358,-4.988497,0.161626,0.525564,-0.441233,-0.318588,0.653904
4.673043,-0.849803,-5.003399,-3.334951,-4.860879,-0.093253,0.530170,-0.454511,-0.293164,0.652984
4.470994,-1.085861,-5.002978,-4.737486,-4.566063,0.112284,0.538830,-0.465695,-0.263571,0.650626
4.215911,-1.308113,-4.999554,-5.460530,-4.316696,0.027308,0.548195,-0.471977,-0.236030,0.648847
3.923007,-1.516098,-4.998617,-6.248316,-3.993864,0.014040,0.561107,-0.474738,-0.204975,0.646344
3.586860,-1.704915,-4.994907,-7.187158,-3.548447,0.139005,0.575541,-0.474478,-0.173590,0.643027
3.214896,-1.874003,-4.990173,-7.684889,-3.208789,0.054594,0.591579,-0.470771,-0.141758,0.638989
2.817279,-2.024210,-4.987741,-8.210980,-2.792262,0.047648,0.610039,-0.463794,-0.107067,0.633465
2.388648,-2.148638,-4.980078,-8.920080,-2.175765,0.264549,0.629258,-0.454621,-0.072107,0.626217
1.939259,-2.250677,-4.972205,-9.050984,-1.902061,0.054289,0.649284,-0.442762,-0.037019,0.617264
1.481254,-2.335766,-4.971209,-9.260360,-1.496534,-0.009942,0.671233,-0.427437,0.002024,0.605585
1.006196,-2.390233,-4.962291,-9.721768,-0.675120,0.371191,0.692533,-0.411193,0.040445,0.591334
0.523238,-2.421661,-4.953782,-9.595835,-0.580037,-0.027569,0.713377,-0.393416,0.077534,0.574717
0.045645,-2.445714,-4.962313,-9.503671,-0.379893,-0.310526,0.735209,-0.371536,0.119316,0.554244
-0.432991,-2.437939,-4.962622,-9.613636,0.692611,0.298512,0.755116,-0.349799,0.159941,0.530898
-0.910660,-2.393535,-4.949716,-9.483949,1.084094,0.219078,0.772951,-0.329210,0.195721,0.505819
-1.380494,-2.338980,-4.950045,-9.308919,1.099439,-0.229531,0.790533,-0.304517,0.234874,0.476607
-1.841463,-2.283373,-4.972313,-9.128881,1.125682,-0.658973,0.805891,-0.279122,0.274330,0.444260
-2.282997,-2.195808,-4.985152,-8.500485,2.365144,0.136357,0.818881,-0.253656,0.312665,0.409055
-2.696858,-2.064330,-4.975983,-8.042278,2.888140,0.227163,0.829498,-0.232593,0.343093,0.374319
-3.094640,-1.920350,-4.975859,-7.868183,2.871310,-0.220448,0.838451,-0.208975,0.374595,0.336157
-3.483593,-1.777188,-4.997871,-7.689108,2.855118,-0.658641,0.844647,-0.185266,0.405952,0.295708
-3.833702,-1.608497,-5.012479,-6.293338,3.868545,0.058877,0.848268,-0.162071,0.435909,0.253278
-4.124839,-1.402302,-5.004676,-5.343902,4.366312,0.246245,0.850991,-0.145341,0.457303,0.213443
-4.388720,-1.185527,-5.003979,-5.210876,4.304673,-0.216887,0.852320,-0.127732,0.477152,0.171916
-4.634212,-0.966501,-5.018768,-4.605848,4.448550,-0.377659,0.851154,-0.109746,0.496857,0.128913
-4.814776,-0.729307,-5.022498,-2.611048,5.011736,0.214627,0.848425,-0.094945,0.513468,0.086628
-4.914722,-0.473132,-5.008698,-1.386749,5.221853,0.332543,0.846667,-0.086216,0.522932,0.047503
-4.982962,-0.214368,-5.004143,-1.342345,5.128910,-0.148618,0.844461,-0.075768,0.530177,0.007094
-5.021971,0.043190,-5.010740,-0.219931,5.159994,-0.118278,0.840355,-0.064109,0.537138,-0.034203
-4.981743,0.301761,-5.005593,1.822505,5.161960,0.318727,0.835564,-0.056852,0.541532,-0.073057
-4.886334,0.557465,-4.999673,1.993694,5.064624,-0.080458,0.832040,-0.051872,0.541096,-0.110576
-4.755882,0.806492,-5.001500,3.217848,4.883132,0.008163,0.827795,-0.041724,0.538850,-0.150493
-4.559915,1.043902,-4.996294,4.612270,4.600191,0.201016,0.822478,-0.034353,0.535660,-0.188179
-4.325821,1.270750,-4.995795,4.751013,4.471777,-0.178902,0.817612,-0.025735,0.528864,-0.226151
-4.050314,1.482235,-4.996190,6.255219,3.971377,0.167866,0.812157,-0.012538,0.519320,-0.265600
-3.716689,1.671263,-4.986858,7.081662,3.581539,0.209027,0.805442,-0.001783,0.509579,-0.302627
-3.363305,1.847637,-4.987116,7.054186,3.472018,-0.216606,0.798770,0.014402,0.494769,-0.341987
-2.973895,1.999673,-4.982774,8.498499,2.592282,0.398955,0.790654,0.034592,0.477296,-0.381905
-2.538574,2.119310,-4.964108,8.906913,2.187707,0.351803,0.780339,0.051222,0.462011,-0.418314
-2.097447,2.227738,-4.958944,8.740329,2.148291,-0.142247,0.768840,0.075961,0.439419,-0.458279
-1.648871,2.319671,-4.961642,9.186899,1.521455,0.040143,0.754761,0.103608,0.414962,-0.497393
-1.176453,2.374731,-4.949463,9.690077,0.674424,0.451466,0.738522,0.127765,0.393349,-0.532476
-0.696265,2.407864,-4.938997,9.518682,0.649310,-0.029568,0.720048,0.153965,0.369346,-0.566924
-0.223163,2.436825,-4.949273,9.402941,0.507186,-0.378195,0.698455,0.185474,0.340450,-0.601537
0.252152,2.432419,-4.949443,9.578734,-0.684815,0.372244,0.674803,0.215887,0.312763,-0.632619
0.728297,2.388798,-4.933174,9.458675,-1.060466,0.280166,0.650481,0.242412,0.288076,-0.659634
1.196863,2.335404,-4.930591,9.283587,-1.076621,-0.173988,0.622609,0.274132,0.257105,-0.686367
1.656594,2.281025,-4.950310,9.104861,-1.099406,-0.612373,0.592722,0.306509,0.225331,-0.709896
2.099927,2.201039,-4.966221,8.603189,-2.091233,-0.030243,0.561667,0.338027,0.194212,-0.729755
2.518722,2.081649,-4.963247,8.135492,-2.678028,0.145659,0.532279,0.364379,0.166670,-0.745736
2.921119,1.948036,-4.967196,7.959597,-2.666764,-0.301831,0.501693,0.390797,0.135815,-0.759690
3.313980,1.814220,-4.992440,7.753401,-2.685250,-0.706846,0.470282,0.417610,0.103062,-0.770590
3.668391,1.653552,-5.007684,6.400528,-3.719335,0.081208,0.439424,0.443943,0.071012,-0.777671
3.969151,1.457109,-5.001107,5.622933,-4.128479,0.176483,0.414205,0.462253,0.044054,-0.782821
4.246821,1.252051,-5.003887,5.483433,-4.073814,-0.286221,0.389446,0.478552,0.012598,-0.786864
4.507203,1.044734,-5.022423,4.928817,-4.212000,-0.457955,0.366279,0.493932,-0.021033,-0.788303
4.705682,0.818615,-5.029047,3.002949,-4.807262,0.177310,0.347158,0.507599,-0.053410,-0.786744
4.840494,0.576299,-5.024690,2.389032,-4.879303,-0.004740,0.335814,0.512792,-0.081661,-0.785874
4.940966,0.330526,-5.027804,1.629704,-4.942883,-0.122177,0.326063,0.514707,-0.115483,-0.784485
4.982941,0.079728,-5.026964,0.051516,-5.071367,0.149711,0.321010,0.513102,-0.149281,-0.781913
4.971928,-0.172743,-5.025376,-0.490813,-5.022454,-0.086139,0.322188,0.505490,-0.180732,-0.779746
4.912619,-0.422574,-5.025580,-1.876520,-4.956163,0.075925,0.325539,0.493377,-0.215517,-0.777270
4.797114,-0.667424,-5.023614,-2.739837,-4.829902,0.003067,0.334197,0.476852,-0.247433,-0.774399
4.634563,-0.904346,-5.023073,-3.756548,-4.637019,0.019619,0.345447,0.454388,-0.280130,-0.771828
4.421082,-1.130009,-5.021020,-4.775969,-4.379766,0.064450,0.360025,0.427080,-0.311023,-0.768923
4.160770,-1.342026,-5.017959,-5.629871,-4.092530,0.060908,0.377419,0.394264,-0.339771,-0.765937
3.859171,-1.538526,-5.014793,-6.426634,-3.759180,0.069515,0.397052,0.355541,-0.365864,-0.762940
3.520566,-1.717720,-5.011586,-7.109964,-3.401077,0.063032,0.418787,0.311839,-0.388186,-0.759394
3.149871,-1.878280,-5.008615,-7.709700,-3.014279,0.060469,0.442261,0.263394,-0.405993,-0.755110
2.750289,-2.018365,-5.004931,-8.264381,-2.582229,0.091875,0.467248,0.211008,-0.418446,-0.749700
2.326605,-2.137259,-5.000741,-8.674312,-2.167797,0.080623,0.493601,0.155384,-0.424687,-0.742865
1.882383,-2.233490,-4.995042,-9.083580,-1.675449,0.152479,0.520890,0.096654,-0.424310,-0.734361
1.422229,-2.306945,-4.988181,-9.313501,-1.258273,0.126492,0.549121,0.036336,-0.416488,-0.723656
0.952784,-2.359812,-4.983010,-9.454999,-0.852499,0.084558,0.577683,-0.026143,-0.400425,-0.710811
0.477973,-2.392231,-4.979779,-9.527536,-0.440990,0.048326,0.606144,-0.088710,-0.376250,-0.695090
0.001338,-2.404203,-4.978501,-9.527827,-0.035339,0.005672,0.633983,-0.149975,-0.344016,-0.676180
-0.473378,-2.396851,-4.980385,-9.451473,0.331080,-0.078911,0.660817,-0.208518,-0.303425,-0.654039
-0.943132,-2.368923,-4.984007,-9.326690,0.786620,-0.065193,0.685962,-0.263167,-0.254986,-0.628629
-1.404871,-2.319224,-4.987979,-9.131990,1.200802,-0.093637,0.709424,-0.311285,-0.199467,-0.600021
-1.855124,-2.248302,-4.992713,-8.866724,1.634153,-0.096807,0.730733,-0.352121,-0.136985,-0.568567
-2.290448,-2.156136,-4.997879,-8.535409,2.049280,-0.111654,0.749770,-0.383743,-0.069166,-0.534599
-2.707366,-2.043278,-5.003581,-8.130843,2.460352,-0.119212,0.766377,-0.405322,0.002468,-0.498365
-3.102195,-1.910148,-5.009586,-7.652533,2.858835,-0.124524,0.780547,-0.416160,0.075900,-0.460206
-3.471819,-1.758162,-5.016546,-7.124048,3.213792,-0.157752,0.792343,-0.416076,0.149274,-0.420457
-3.810107,-1.586339,-5.022124,-6.398083,3.649133,-0.071634,0.801748,-0.405556,0.220876,-0.379383
-4.112110,-1.395168,-5.025404,-5.675371,3.988104,-0.064833,0.809771,-0.384073,0.287828,-0.337502
-4.373673,-1.186647,-5.026714,-4.781056,4.340743,0.005977,0.816089,-0.352896,0.349827,-0.295088
-4.589798,-0.962327,-5.025464,-3.859978,4.620158,0.038438,0.821581,-0.312813,0.404263,-0.252424
-4.758238,-0.725420,-5.022753,-2.875277,4.843836,0.064944,0.826160,-0.265359,0.450682,-0.209579
-4.876365,-0.478937,-5.019009,-1.849115,5.003145,0.080518,0.830061,-0.212094,0.488090,-0.166664
-4.942783,-0.226235,-5.014897,-0.808412,5.093021,0.080703,0.833348,-0.154686,0.516049,-0.123655
-4.956943,0.029255,-5.011028,0.239930,5.115100,0.071736,0.835985,-0.094645,0.534479,-0.080608
-4.918789,0.284174,-5.007782,1.282972,5.070677,0.056812,0.837947,-0.033399,0.543425,-0.037579
-4.828998,0.535255,-5.005418,2.304458,4.962171,0.037484,0.839190,0.027762,0.543097,0.005372
-4.688460,0.779352,-5.003856,3.311920,4.791642,0.025632,0.839676,0.087775,0.533780,0.048078
-4.498078,1.013398,-5.002605,4.297293,4.560390,0.026045,0.839413,0.145467,0.515782,0.090485
-4.260351,1.234614,-5.001508,5.205083,4.279133,0.020474,0.838536,0.199891,0.489248,0.132401
-3.976452,1.439935,-4.999295,6.142577,3.924076,0.071735,0.837092,0.249933,0.454556,0.173731
-3.652282,1.627839,-4.996892,6.817114,3.584779,0.028676,0.835208,0.294115,0.412146,0.214601
-3.290216,1.795485,-4.992675,7.654502,3.111707,0.145690,0.832797,0.332112,0.362440,0.254523
-2.897447,1.942931,-4.988320,8.049881,2.780925,0.033391,0.829482,0.361626,0.307565,0.294249
-2.477645,2.067923,-4.982213,8.728389,2.210321,0.217645,0.825360,0.383826,0.246708,0.332547
-2.038055,2.172265,-4.977062,8.850976,1.960158,-0.007133,0.819468,0.396231,0.184480,0.370721
-1.582364,2.253748,-4.970698,9.359535,1.292038,0.268058,0.812248,0.401280,0.117498,0.406712
-1.116621,2.315649,-4.966902,9.269228,1.182037,-0.112584,0.802587,0.396593,0.053319,0.442401
-0.644071,2.354682,-4.962022,9.610890,0.373857,0.312176,0.791311,0.384797,-0.015165,0.474891
-0.167453,2.372444,-4.957654,9.453884,0.334910,-0.134255,0.777418,0.364340,-0.076394,0.506987
0.307074,2.370527,-4.955578,9.506448,-0.413674,0.218729,0.761987,0.336087,-0.141663,0.535113
0.778147,2.349356,-4.956022,9.336265,-0.434673,-0.233731,0.744561,0.301182,-0.197705,0.561982
1.240843,2.309235,-4.959215,9.151470,-1.168935,0.103977,0.725367,0.259594,-0.254957,0.584332
1.694032,2.250384,-4.965181,8.975424,-1.186120,-0.340452,0.705036,0.214023,-0.301627,0.605088
2.132130,2.170274,-4.971026,8.527027,-2.012777,0.100109,0.683464,0.162792,-0.347544,0.620953
2.554064,2.069535,-4.977214,8.349689,-2.017348,-0.345871,0.662210,0.110178,-0.380997,0.635746
2.954220,1.948490,-4.983647,7.637414,-2.814555,0.079234,0.640569,0.052546,-0.412641,0.645470
3.331844,1.808092,-4.991002,7.466996,-2.801574,-0.371904,0.620356,-0.003112,-0.431832,0.654724
3.678377,1.646668,-4.996304,6.376386,-3.639429,0.146749,0.600523,-0.062440,-0.448756,0.658851
3.993437,1.465587,-5.000512,6.225636,-3.603866,-0.313528,0.583084,-0.115877,-0.453564,0.663972
4.270816,1.267148,-5.004014,4.856571,-4.313798,0.159936,0.566920,-0.172443,-0.456092,0.663957
4.508485,1.051773,-5.006302,4.649432,-4.299976,-0.250592,0.553379,-0.220096,-0.449191,0.665996
4.702377,0.823497,-5.008750,3.099428,-4.809529,0.140847,0.541935,-0.269695,-0.439748,0.663465
4.848064,0.582535,-5.009647,2.727390,-4.825290,-0.176831,0.532863,-0.309154,-0.424545,0.663502
4.941228,0.333116,-5.009318,0.998162,-5.129111,0.180861,0.526683,-0.348839,-0.406301,0.660174
4.981591,0.077337,-5.008203,0.616559,-5.098283,-0.135821,0.522596,-0.378353,-0.385344,0.659731
4.968184,-0.179824,-5.006989,-1.148657,-5.166850,0.179438,0.521964,-0.407467,-0.361100,0.656600
4.900948,-0.436280,-5.005625,-1.539805,-5.087543,-0.123854,0.522677,-0.427586,-0.337140,0.655978
4.782084,-0.687268,-5.004842,-3.206729,-4.933134,0.154414,0.527271,-0.446532,-0.309421,0.653334
4.609247,-0.930490,-5.002955,-3.704324,-4.790774,-0.077290,0.532641,-0.458557,-0.283724,0.652313
4.391269,-1.162628,-5.002605,-5.005460,-4.480558,0.093961,0.542042,-0.468222,-0.253870,0.650001
4.121180,-1.379788,-4.999010,-5.791883,-4.197816,0.052754,0.552248,-0.473428,-0.225787,0.647998
3.813997,-1.581948,-4.997648,-6.488656,-3.880614,0.005661,0.565718,-0.474949,-0.194659,0.645358
3.466650,-1.764691,-4.994288,-7.394465,-3.418882,0.133616,0.580943,-0.473533,-0.162602,0.641736
3.083315,-1.926356,-4.988736,-7.931426,-3.040962,0.092916,0.597463,-0.468939,-0.130494,0.637258
2.675717,-2.068886,-4.985543,-8.364651,-2.653897,0.039539,0.616303,-0.460984,-0.095674,0.631272
2.240995,-2.186546,-4.978730,-9.010132,-2.043855,0.238659,0.636124,-0.450716,-0.059906,0.623383
1.785580,-2.280324,-4.970246,-9.200038,-1.702890,0.104805,0.656380,-0.438182,-0.024437,0.613643
1.322301,-2.357019,-4.968522,-9.324071,-1.360771,-0.031673,0.678294,-0.422254,0.014446,0.601169
0.846156,-2.405791,-4.962004,-9.702428,-0.583837,0.296657,0.699862,-0.404973,0.053656,0.585922
0.361650,-2.428125,-4.952406,-9.672220,-0.306967,0.090475,0.720566,-0.386702,0.091086,0.568280
-0.117915,-2.442434,-4.959018,-9.510427,-0.263640,-0.351802,0.741858,-0.364746,0.131970,0.546978
-0.595101,-2.430506,-4.963117,-9.550064,0.741699,0.187957,0.761718,-0.341808,0.173501,0.522345
-1.069325,-2.380658,-4.952693,-9.406752,1.252038,0.229497,0.779051,-0.320858,0.209529,0.496206
-1.535285,-2.317752,-4.952479,-9.231037,1.265393,-0.218326,0.795855,-0.296451,0.247735,0.466210
-1.992353,-2.254016,-4.974285,-9.050771,1.284857,-0.651750,0.810518,-0.270923,0.286686,0.432973
-2.428530,-2.159316,-4.987435,-8.365472,2.490437,0.116203,0.822729,-0.245425,0.324501,0.396958
-2.834721,-2.021433,-4.978989,-7.870511,3.018416,0.217974,0.832644,-0.224441,0.354445,0.361515
-3.223949,-1.871022,-4.979339,-7.697789,2.998224,-0.230266,0.840833,-0.201193,0.385075,0.322849
-3.604421,-1.721606,-5.001864,-7.520311,2.978329,-0.669385,0.846281,-0.177843,0.415534,0.281966
-3.942764,-1.546033,-5.015616,-5.991547,4.018456,0.102638,0.849160,-0.155077,0.444578,0.239209
-4.218194,-1.332959,-5.005904,-5.018350,4.491540,0.279016,0.851423,-0.139312,0.464615,0.199491
-4.465969,-1.110025,-5.003627,-4.892205,4.425782,-0.186438,0.852335,-0.122290,0.483344,0.157930
-4.696521,-0.885792,-5.017718,-4.327485,4.536500,-0.379652,0.850796,-0.104996,0.501875,0.115053
-4.862680,-0.645447,-5.022008,-2.314412,5.049982,0.194708,0.847671,-0.090693,0.517607,0.072829
-4.945866,-0.387656,-5.008523,-1.013594,5.247685,0.339768,0.845600,-0.082563,0.526299,0.033862
-4.995672,-0.127632,-5.003640,-0.978071,5.153498,-0.142728,0.843271,-0.072727,0.532502,-0.006316
-5.015437,0.130664,-5.009550,0.184919,5.164550,-0.096384,0.839101,-0.061369,0.538409,-0.047456
-4.956568,0.388344,-5.004078,2.162832,5.122855,0.310691,0.834242,-0.054435,0.541907,-0.086061
-4.846230,0.642047,-4.999418,2.250945,5.024384,-0.122613,0.830576,-0.049257,0.540772,-0.123601
-4.698312,0.888055,-5.001093,3.657602,4.800697,0.056630,0.826165,-0.038860,0.537782,-0.163477
-4.484360,1.121168,-4.995066,4.892571,4.512454,0.185819,0.820746,-0.031708,0.533883,-0.200827
-4.236275,1.343529,-4.995220,5.030295,4.379873,-0.189697,0.815821,-0.022042,0.526075,-0.239140
-3.945470,1.549096,-4.994868,6.586434,3.825954,0.209085,0.810134,-0.008219,0.515748,-0.278590
-3.598763,1.731457,-4.985000,7.274727,3.461420,0.189213,0.803145,0.003014,0.505353,-0.315532
-3.235442,1.901643,-4.985951,7.258344,3.344353,-0.224346,0.796144,0.020364,0.489492,-0.355150
-2.835138,2.045506,-4.980293,8.728235,2.392769,0.459655,0.787500,0.041174,0.471355,-0.394924
-2.391892,2.156913,-4.960899,8.996008,2.059094,0.319936,0.776625,0.058317,0.455616,-0.431116
-1.946307,2.258938,-4.957276,8.829532,2.020692,-0.171924,0.764402,0.084222,0.431976,-0.471154
-1.491918,2.342039,-4.958818,9.327304,1.295369,0.116124,0.749494,0.112300,0.407133,-0.509787
-1.015594,2.388060,-4.945447,9.708431,0.540113,0.422713,0.732528,0.136580,0.385403,-0.544248
-0.534478,2.414484,-4.936346,9.537297,0.515173,-0.055392,0.713156,0.163968,0.360244,-0.578568
-0.060649,2.436820,-4.947938,9.413390,0.376441,-0.405120,0.690689,0.195771,0.331086,-0.612371
0.413565,2.425960,-4.949570,9.524384,-0.811267,0.340050,0.666269,0.226362,0.303106,-0.642624
0.886551,2.375666,-4.934490,9.386324,-1.200536,0.264481,0.641356,0.252994,0.278129,-0.668801
1.351488,2.315299,-4.932649,9.210649,-1.215353,-0.188058,0.612978,0.284450,0.247080,-0.694471
1.807548,2.254030,-4.953043,9.030890,-1.236203,-0.625421,0.582674,0.316548,0.215171,-0.716926
2.245693,2.166921,-4.969126,8.469582,-2.238339,-0.024826,0.551304,0.347845,0.183925,-0.735685
2.657154,2.040643,-4.966205,7.976283,-2.806073,0.137889,0.521874,0.373783,0.156357,-0.750653
3.051619,1.900708,-4.970555,7.801540,-2.791535,-0.310148,0.491366,0.399635,0.125425,-0.763618
3.436168,1.760316,-4.995745,7.578706,-2.823121,-0.696690,0.460236,0.425740,0.092651,-0.773523
3.780206,1.593353,-5.010599,6.161371,-3.832547,0.086253,0.429905,0.451292,0.060625,-0.779638
4.068301,1.391587,-5.003818,5.355967,-4.227943,0.179481,0.405473,0.468717,0.033662,-0.784064
4.332752,1.181640,-5.006488,5.221682,-4.169883,-0.284794,0.381718,0.483863,0.002167,-0.787500
4.577627,0.968815,-5.023551,4.570100,-4.334827,-0.401261,0.359718,0.498039,-0.031622,-0.788386
4.759673,0.738467,-5.029092,2.706058,-4.855137,0.165446,0.342242,0.510089,-0.063895,-0.786505
4.879715,0.494130,-5.025496,2.095346,-4.912311,-0.023197,0.332188,0.514106,-0.092687,-0.785333
4.961706,0.246371,-5.027715,1.184651,-4.987588,-0.068548,0.323966,0.514633,-0.126671,-0.783675
4.984947,-0.005355,-5.026130,-0.252354,-5.065915,0.127301,0.320757,0.511188,-0.160124,-0.781124
4.957535,-0.257371,-5.025074,-0.842600,-5.009150,-0.084993,0.323064,0.501985,-0.192132,-0.778922
4.879386,-0.505840,-5.024613,-2.277581,-4.914692,0.101665,0.327822,0.488237,-0.226708,-0.776373
4.746446,-0.748324,-5.022473,-3.036483,-4.777783,-0.015239,0.337785,0.469926,-0.258274,-0.773536
4.569367,-0.982150,-5.022795,-4.040718,-4.565275,0.003789,0.349975,0.445479,-0.290838,-0.771021
4.341095,-1.203559,-5.020968,-5.082916,-4.281152,0.071456,0.365492,0.416625,-0.321166,-0.767910
4.065635,-1.410187,-5.017352,-5.928563,-3.975668,0.076295,0.383785,0.382291,-0.348988,-0.764698
3.750397,-1.600726,-5.013768,-6.673556,-3.637987,0.071025,0.404202,0.341777,-0.373831,-0.761612
3.400132,-1.773612,-5.010470,-7.329218,-3.270099,0.065419,0.426564,0.296224,-0.394648,-0.757985
3.018506,-1.927101,-5.006891,-7.927151,-2.862337,0.082622,0.450587,0.246314,-0.410688,-0.753411
2.610023,-2.060112,-5.002991,-8.403614,-2.451873,0.078268,0.476103,0.192728,-0.421034,-0.747600
2.179151,-2.171744,-4.998646,-8.821694,-2.007418,0.100589,0.502744,0.135738,-0.425135,-0.740322
1.729051,-2.260436,-4.992621,-9.171819,-1.534801,0.145319,0.530347,0.076469,-0.422395,-0.731068
1.265403,-2.327096,-4.986427,-9.365121,-1.127329,0.106863,0.558712,0.015341,-0.411960,-0.719644
0.793846,-2.373213,-4.982020,-9.487485,-0.713587,0.073477,0.587247,-0.047351,-0.393241,-0.705871
0.318116,-2.398868,-4.979553,-9.531945,-0.309627,0.028567,0.615552,-0.109535,-0.366407,-0.689084
-0.158195,-2.404235,-4.979222,-9.510294,0.097209,-0.012747,0.643087,-0.170080,-0.331392,-0.669092
-0.631647,-2.389838,-4.981561,-9.417950,0.480019,-0.079058,0.669449,-0.227342,-0.288147,-0.645847
-1.099116,-2.354551,-4.985276,-9.268885,0.931654,-0.069041,0.694056,-0.280059,-0.237171,-0.619352
-1.557420,-2.297662,-4.989475,-9.052454,1.342983,-0.099167,0.716852,-0.325831,-0.179214,-0.589773
-2.003105,-2.219657,-4.994460,-8.763585,1.774791,-0.101641,0.737399,-0.363784,-0.114717,-0.557437
-2.432691,-2.120535,-4.999866,-8.409205,2.186416,-0.116739,0.755627,-0.392137,-0.045451,-0.522669
-2.842674,-2.000890,-5.005783,-7.979815,2.594245,-0.122968,0.771397,-0.410199,0.027019,-0.485743
-3.229406,-1.861301,-5.012082,-7.480043,2.982934,-0.132739,0.784752,-0.417387,0.100637,-0.447010
-3.589032,-1.702517,-5.018592,-6.896330,3.360701,-0.132239,0.795742,-0.413750,0.173586,-0.406776
-3.915758,-1.524081,-5.023476,-6.164165,3.766737,-0.069124,0.804609,-0.399486,0.243912,-0.365398
-4.204854,-1.326964,-5.026215,-5.393223,4.107665,-0.046060,0.812033,-0.374638,0.309366,-0.323318
-4.451993,-1.113064,-5.026903,-4.486988,4.436323,0.012336,0.818010,-0.340336,0.369024,-0.280796
-4.652390,-0.884231,-5.025124,-3.525414,4.704709,0.053245,0.823149,-0.297645,0.420901,-0.238051
-4.803773,-0.643647,-5.021817,-2.528146,4.906344,0.074244,0.827533,-0.248087,0.464274,-0.195154
-4.904416,-0.394634,-5.017778,-1.497424,5.041999,0.083384,0.831242,-0.193220,0.498525,-0.152211
-4.953221,-0.140577,-5.013654,-0.456021,5.108551,0.078648,0.834331,-0.134736,0.523266,-0.109194
-4.949740,0.115124,-5.009943,0.592773,5.108141,0.067812,0.836750,-0.074114,0.538492,-0.066155
-4.894136,0.369140,-5.006969,1.627814,5.041718,0.050225,0.838474,-0.012759,0.544295,-0.023137
-4.787184,0.618244,-5.004887,2.645716,4.912137,0.033069,0.839453,0.048151,0.540928,0.019744
-4.630007,0.859343,-5.003586,3.635966,4.721987,0.019954,0.839676,0.107510,0.528668,0.062363
-4.423366,1.089356,-5.002365,4.623203,4.468693,0.030858,0.839165,0.164263,0.507810,0.104601
-4.169792,1.305548,-5.000952,5.512826,4.170004,0.028606,0.838085,0.217261,0.478518,0.146375
-3.871848,1.505189,-4.998638,6.396600,3.806425,0.067952,0.836503,0.265575,0.441102,0.187495
-3.534300,1.686463,-4.995609,7.097385,3.436866,0.057825,0.834425,0.307702,0.396248,0.228112
-3.161236,1.847345,-4.991241,7.815105,2.990146,0.122540,0.831772,0.343060,0.344505,0.267909
-2.758672,1.987303,-4.986274,8.279335,2.602223,0.081529,0.828192,0.370107,0.287621,0.307222
-2.331426,2.105155,-4.980227,8.798960,2.104998,0.166493,0.823532,0.389144,0.225904,0.345430
-1.885573,2.201673,-4.974505,9.027781,1.751495,0.067422,0.817186,0.399049,0.162148,0.382972
-1.425242,2.275705,-4.968043,9.372033,1.204278,0.196609,0.809182,0.400863,0.095536,0.418806
-0.956340,2.329869,-4.963879,9.379141,0.959638,-0.026058,0.799005,0.393571,0.030083,0.453630
-0.482122,2.361994,-4.959546,9.572814,0.321372,0.203174,0.786866,0.378756,-0.037140,0.485797
-0.006665,2.375334,-4.958547,9.443501,0.210488,-0.160088,0.772424,0.355682,-0.099314,0.516702
0.466307,2.366994,-4.957614,9.454769,-0.545567,0.198076,0.756121,0.325446,-0.162890,0.543898
0.934776,2.339234,-4.959044,9.283674,-0.566289,-0.252606,0.738072,0.288647,-0.217522,0.569746
1.393852,2.292321,-4.963025,9.059259,-1.308227,0.090753,0.718495,0.244954,-0.272652,0.591115
1.842286,2.225898,-4.968940,8.876836,-1.349462,-0.325483,0.697928,0.197856,-0.317008,0.610941
2.274467,2.137983,-4.974415,8.389750,-2.160903,0.099777,0.676334,0.145213,-0.360075,0.625959
2.689556,2.029909,-4.980637,8.213152,-2.162525,-0.346988,0.655204,0.091645,-0.390963,0.639882
3.081486,1.901383,-4.986693,7.445022,-2.967620,0.094922,0.633830,0.033336,-0.419866,0.648732
3.449555,1.753429,-4.993302,7.277242,-2.950682,-0.357740,0.614011,-0.022358,-0.436465,0.657253
3.785920,1.585493,-4.998523,6.160527,-3.750433,0.136008,0.594708,-0.081557,-0.450777,0.660655
4.089780,1.398583,-5.002858,5.993290,-3.725687,-0.308090,0.577791,-0.134425,-0.453624,0.665060
4.354545,1.194811,-5.006301,4.585322,-4.404903,0.156880,0.562267,-0.189988,-0.454088,0.664498
4.577729,0.974529,-5.008128,4.341172,-4.404560,-0.229364,0.549355,-0.236414,-0.445763,0.666038
4.756192,0.742180,-5.010159,2.791646,-4.868260,0.136895,0.538682,-0.284361,-0.434750,0.663284
4.885289,0.498138,-5.010652,2.371685,-4.889175,-0.156984,0.530364,-0.322400,-0.418582,0.662989
4.961131,0.246698,-5.009966,0.661951,-5.146739,0.176123,0.525003,-0.360180,-0.399343,0.659667
4.983659,-0.009908,-5.008602,0.239567,-5.113322,-0.121239,0.521720,-0.388215,-0.377814,0.659050
4.952161,-0.266791,-5.007141,-1.494628,-5.141433,0.175534,0.521919,-0.415465,-0.353002,0.656027
4.866999,-0.521778,-5.005636,-1.910636,-5.053911,-0.114231,0.523462,-0.434169,-0.328678,0.655323
4.730566,-0.770252,-5.004686,-3.538208,-4.866877,0.152147,0.528884,-0.451439,-0.300593,0.652780
4.540354,-1.009791,-5.002412,-4.067456,-4.709396,-0.059379,0.535083,-0.462197,-0.274562,0.651666
4.306503,-1.237530,-5.001938,-5.277379,-4.386937,0.081443,0.545276,-0.470365,-0.244391,0.649382
4.021817,-1.449271,-4.998143,-6.103116,-4.074180,0.073595,0.556354,-0.474454,-0.215718,0.647165
3.700754,-1.645286,-4.996297,-6.732902,-3.759076,0.004234,0.570436,-0.474789,-0.184402,0.644335
